artes,Vita Prima,Santo António em Portugal,23 junho,31 dezembro 2023,Museu de Lisboa - Palácio Pimenta,https://www.agendalx.pt/events/event/santo-antonio-em-portugal/
artes,Mundo Flutuante,Estampas Japonesas 'Ukiyo-e',23 junho,30 outubro 2023,Fundação Calouste Gulbenkian,https://www.agendalx.pt/events/event/mundo-flutuante-estampas-japonesas-ukiyo-e/
artes,Japão: Festas e Rituais,,19 maio 2023,31 maio 2024,Museu do Oriente,https://www.agendalx.pt/events/event/japao-festas-e-rituais-2/
artes,Ser Português,,18 maio,12 novembro 2023,Museu Nacional de Arte Contemporânea do Chiado,https://www.agendalx.pt/events/event/ser-portugues/
artes,Júlio Pomar,10 anos de Museu,6 julho 2023,14 janeiro 2024,Atelier-Museu Júlio Pomar,https://www.agendalx.pt/events/event/julio-pomar-6/
artes,Labirintos e Abalos Sísmicos,,28 junho,31 outubro 2023,Galeria Francisco Fino,https://www.agendalx.pt/events/event/labirintos-e-abalos-sismicos/
artes,Paulo Alexandrino,São Jorge. Culto em Portugal,30 junho,31 dezembro 2023,Castelo de São Jorge,https://www.agendalx.pt/events/event/sao-jorge-culto-em-portugal/
artes,António Júlio Duarte,Guiné-Bissau 1990,16 setembro,11 novembro 2023,Galeria Bruno Múrias,https://www.agendalx.pt/events/event/antonio-julio-duarte-2/
artes,Santo António em Portugal,Uma perspetiva contemporânea,29 julho,29 dezembro 2023,Igreja de Nossa Senhora da Conceição Velha,https://www.agendalx.pt/events/event/santo-antonio-em-portugal-2/
artes,Beyond Borders4  ,The rock and the bead show,25 setembro,25 outubro 2023,Galeria Reverso,https://www.agendalx.pt/events/event/beyond-borders4/
artes,João Vaz,A beleza da água,22 julho,31 dezembro 2023,Museu de Marinha,https://www.agendalx.pt/events/event/joao-vaz/
artes,… E os seus Contemporâneos,Centenário de Mário Cesariny,9 agosto,25 novembro 2023,Perve Galeria,https://www.agendalx.pt/events/event/e-os-seus-contemporaneos/
artes,Juan Tessi,Dios me odia,15 setembro,11 novembro 2023,3+1 Arte Contemporânea,https://www.agendalx.pt/events/event/juan-messi/
artes,O CCB por Daciano da Costa,Design de equipamento e mobiliário. 1993-2023,20 julho,29 outubro 2023,Centro Cultural de Belém,https://www.agendalx.pt/events/event/o-ccb-por-daciano-da-costa/
artes,Natália Gromicho,Perfect month,14 outubro,3 novembro 2023,Atelier Natália Gromicho,https://www.agendalx.pt/events/event/natalia-gromicho-59/
artes,A Forma em Formação,,28,28 de September de 2023,Brotéria,https://www.agendalx.pt/events/event/a-forma-em-formacao/
artes,Pedro César Teles,Momentum,22 setembro,5 novembro 2023,Casino de Lisboa,https://www.agendalx.pt/events/event/pedro-cesar-teles-7/
artes,José Augusto Coelho,Convergências… realidades ocultas mas sentidas,23 setembro,24 novembro 2023,Casual Lounge Caffé,https://www.agendalx.pt/events/event/jose-augusto-coelho/
artes,Coleção Paulo de Pitta e Cunha,,28 setembro 2023,20 janeiro 2024,Museu Arpad Szenes-Vieira da Silva,https://www.agendalx.pt/events/event/colecao-paulo-de-pitta-e-cunha/
artes,Bela Silva,Da vista um rio,28 setembro 2023,21 janeiro 2024,Casa-Atelier Vieira da Silva,https://www.agendalx.pt/events/event/bela-silva-2/
artes,Pé de Direitos,Declaração Universal Direitos da Criança,13 outubro,30 novembro 2023,LU.CA - Teatro Luís de Camões,https://www.agendalx.pt/events/event/pe-de-direitos/
artes,Konstantin Bessmertny,Grande e pequeno,20,20 de September de 2023,Galeria Monumental,https://www.agendalx.pt/events/event/konstantin-bessmertny-2/
artes,João Motta Guedes,How to live?,28 setembro,10 novembro 2023,Nave,https://www.agendalx.pt/events/event/joao-motta-guedes/
artes,Catarina Araújo Ribeiro,Punctum - ser criança atrás das grades,28 setembro,28 outubro 2023,Fábrica Braço de Prata,https://www.agendalx.pt/events/event/catarina-araujo-ribeiro/
artes,Clara Leitão,A porta aberta guarda tudo,30 setembro,11 novembro 2023,Galeria Arte Periférica,https://www.agendalx.pt/events/event/clara-leitao/
artes,António Duarte Mil-Homens,,13 outubro,17 novembro 2023,Ato Abstrato -  Galeria de Arte,https://www.agendalx.pt/events/event/antonio-duarte-mil-homens/
artes,Jodice - Canova,Exposição fotográfica de Mimmo Jodice,7 setembro,29 outubro 2023,Museu Nacional de Arte Antiga,https://www.agendalx.pt/events/event/jodice-canova/
artes,Gary William Myatt,Bone eaters -  bastards and busking monkeys,6 outubro,4 novembro 2023,Espaço Exibicionista,https://www.agendalx.pt/events/event/gary-william-myatt/
artes,Andreia César,Luz opaca,9 setembro,26 outubro 2023,Sociedade de Instrução Guilherme Cossoul,https://www.agendalx.pt/events/event/andreia-cesar/
artes,Heron P. Nogueira,Polimorfo,9 setembro,4 novembro 2023,Galeria 111,https://www.agendalx.pt/events/event/heron-p-nogueira/
artes,Daniel Gustav Cramer,Objects,21 setembro,4 novembro 2023,Galeria Vera Cortês,https://www.agendalx.pt/events/event/daniel-gustav-cramer/
artes,Guilherme Parente,Depois da tempestade,14 outubro,15 novembro 2023,CNAP - Clube Nacional de Artes Plásticas,https://www.agendalx.pt/events/event/guilherme-parente/
artes,X’23,Finalistas de Fotografia do IADE,10 outubro,7 novembro 2023,Galeria A Homem Mau,https://www.agendalx.pt/events/event/x-23/
artes,Kwame Sousa,Reflexes,21 setembro,17 novembro 2023,Movart,https://www.agendalx.pt/events/event/kwame-sousa/
artes,Andreas Stöcklein,O outro lugar – conversas interiores,24,27 de October de 2023,Galeria Ratton,https://www.agendalx.pt/events/event/andreas-stocklein/
artes,Têxteis Extraordinários: México,,5 setembro,27 outubro 2023,Casa da América Latina,https://www.agendalx.pt/events/event/texteis-extraordinarios-mexico/
artes,Desenhar Natália,Homenagem por 12 ilustradores,13 setembro,30 novembro 2023,Igreja e Convento da Graça,https://www.agendalx.pt/events/event/desenhar-natalia/
artes,Di Vetro: A Essência do Vidro,,14 setembro,17 novembro 2023,Prime Matter,https://www.agendalx.pt/events/event/di-vetro-a-essencia-do-vidro/
artes,Bela Silva,Do rio um mar,21 setembro,4 novembro 2023,Rui Freire-Fine Art,https://www.agendalx.pt/events/event/bela-silva-3/
artes,Alberto Carneiro,Ideias -  projetos e envolvimentos,14 outubro 2023,28 janeiro 2024,Culturgest,https://www.agendalx.pt/events/event/alberto-carneiro-3/
artes,Barahona Possollo,Do Terreno e do Divino,24 outubro 2023,10 março 2024,Museu de Lisboa - Teatro Romano,https://www.agendalx.pt/events/event/do-terreno-e-do-divino/
artes,A Casa Era a Rua,35 anos da Galeria Carlos Carvalho Arte Contemporânea,23 setembro,30 dezembro 2023,Carlos Carvalho Arte Contemporânea,https://www.agendalx.pt/events/event/a-casa-era-a-rua/
artes -  feiras,Drawing Room Lisboa,2023,25,25 de October de 2023,Sociedade Nacional de Belas-Artes,https://www.agendalx.pt/events/event/drawing-room-lisboa-3/
artes,Manuela Madureira,Cerâmica de 1975 a 1973: variações em azul,14,14 de October de 2023,Objectismo - Cerâmica Modernista Portuguesa,https://www.agendalx.pt/events/event/ceramica-de-manuela-madureira-1930-2022/
cinema,O Documentário em Marcha,Conturbados Anos 30 na...,19,19 de October de 2023,Cinemateca Portuguesa - Museu do Cinema,https://www.agendalx.pt/events/event/o-documentario-em-marcha/
artes,Flávia Montenegro,Colapso,30 setembro,30 outubro 2023,Debru,https://www.agendalx.pt/events/event/flavia-montenegro/
cinema,Rever Buñuel (nos 40 anos da sua morte),,28 setembro,25 outubro 2023,Cinema Nimas,https://www.agendalx.pt/events/event/rever-bunuel-nos-40-anos-da-sua-morte/
artes,Tony Cragg,Antecipação a "Rare Earth",02,03 de October de 2023,vários locais,https://www.agendalx.pt/events/event/tony-cragg/
artes,Two in One,,29 setembro,31 outubro 2023,Galeria de Artistas de Angola,https://www.agendalx.pt/events/event/two-in-one/
artes,Creātiōnēs,,12 outubro,4 novembro 2023,Galeria de Santa Maria Maior,https://www.agendalx.pt/events/event/creationes/
artes,Livros para o Ensino Artístico,,2 outubro,29 dezembro 2023,Academia Nacional de Belas Artes,https://www.agendalx.pt/events/event/livros-para-o-ensino-artistico/
artes,Festival Internacional de Banda Desenhada da Amadora,,12 outubro,2 novembro 2023,Centro Comercial Colombo,https://www.agendalx.pt/events/event/festival-internacional-de-banda-desenhada-da-amadora/
artes,Impressões Ibéricas,Um olhar gráfico sobre a identidade espanhola,12 outubro,30 outubro 2023,Centro Português de Serigrafia - Centro Cultural de Belém,https://www.agendalx.pt/events/event/impressoes-ibericas/
artes,O Antigo Palácio dos Viscondes de Azurara,,18 de October,08 de November de 2023,Museu de Artes Decorativas Portuguesas da Fundação Ricardo do Espírito Santo Silva,https://www.agendalx.pt/events/event/o-antigo-palacio-dos-viscondes-de-azurara/
artes,Viagens pelo Mundo de Duas Chapitoneanas,,1 outubro,31 outubro 2023,Chapitô,https://www.agendalx.pt/events/event/viagens-pelo-mundo-de-duas-chapitoneanas/
artes,Hiberia,,14 setembro,31 outubro 2023,El Corte Inglés (Gourmet Experience),https://www.agendalx.pt/events/event/hiberia/
artes,±MaisMenos±,,15 setembro,31 outubro 2023,Galeria Underdogs,https://www.agendalx.pt/events/event/%c2%b1maismenos%c2%b1/
artes,Ana Gil,[Des]encontros [geo]métricos,27 setembro,28 outubro 2023,A Pequena Galeria,https://www.agendalx.pt/events/event/ana-gil/
artes,Geppetto’s New Generations,,12 outubro,28 outubro 2023,Coup Gallery,https://www.agendalx.pt/events/event/geppettos-new-generations/
artes,Isabel Reina,Sombras coloridas,11 outubro,3 novembro 2023,Centro de Documentação do Edifício Central do Município,https://www.agendalx.pt/events/event/isabel-reina/
artes,Pedro Chorão,1988,11 outubro,31 outubro 2023,Galeria Sá da Costa,https://www.agendalx.pt/events/event/pedro-chorao-5/
artes,Altina Martins,Habitat e a poética dos 5 sentidos,11 outubro,5 novembro 2023,Museu Nacional de História Natural e da Ciência,https://www.agendalx.pt/events/event/altina-martins/
cinema,As estreias da semana,Nos cinemas a partir de 19 de outubro,19 outubro,25 outubro 2023,N/A,https://www.agendalx.pt/events/event/as-estreias-da-semana-156/
artes,AkaCorleone,Illusion of clay,12 outubro 2023,12 janeiro 2024,Tivoli Avenida Liberdade,https://www.agendalx.pt/events/event/akacorleone-3/
artes,Paul Mathieu,Introspecções,3 outubro,27 outubro 2023,MAC_Movimento Arte Contemporânea,https://www.agendalx.pt/events/event/paul-mathieu-5/
artes,We Loved Each Other For One Month,,24,24 de October de 2023,Galeria Francisco Fino,https://www.agendalx.pt/events/event/we-loved-each-other-for-one-month/
artes,Bordalo em Trânsito,Exposição de longa duração,9 julho 2021,26 novembro 2023,Museu Bordalo Pinheiro,https://www.agendalx.pt/events/event/bordalo-em-transito/
artes,Os Tesouros Nacionais da CMAG e o Gosto do Colecionador,,29 agosto 2022,29 outubro 2023,Casa-Museu Dr. Anastácio Gonçalves,https://www.agendalx.pt/events/event/os-tesouros-nacionais-da-cmag/
artes,Odete,Artifício,10 outubro,24 dezembro 2023,Galeria da Boavista,https://www.agendalx.pt/events/event/odete/
artes,Quadrum 50 Anos -  uma fogueira cultural,,16 setembro 2023,21 janeiro 2024,Galeria Quadrum,https://www.agendalx.pt/events/event/quadrum-50-anos-uma-fogueira-cultural/
teatro,Vale Night,,11 outubro,26 outubro 2023,Samambaia,https://www.agendalx.pt/events/event/vale-night/
artes,Primeira Pessoa,Centenário do nascimento de Mário Cesariny,09,09 de August de 2023,Casa da Liberdade - Mário Cesariny,https://www.agendalx.pt/events/event/primeira-pessoa/
artes,Alejandro Cesarco,Other recent examples,14,14 de October de 2023,Lumiar Cité,https://www.agendalx.pt/events/event/alejandro-cesarco/
artes,Joana Vasconcelos,Plug-in,29 setembro 2023,25 março 2024,MAAT - Museu de Arte -  Arquitetura e Tecnologia,https://www.agendalx.pt/events/event/joana-vasconcelos-3/
artes,Introdução à História da Joalharia,,25,25 de October de 2023,Museu do Tesouro Real,https://www.agendalx.pt/events/event/introducao-a-historia-da-joalharia/
cinema,Clube de cinema da Fábrica do Terror,Curtas portuguesas,25,25 de October de 2023,Sociedade de Instrução Guilherme Cossoul,https://www.agendalx.pt/events/event/clube-de-cinema-da-fabrica-do-terror/
música,Music Together®,Música para bebés,11 outubro,20 dezembro 2023,Museu Nacional de História Natural e da Ciência,https://www.agendalx.pt/events/event/music-together/
artes,Tão Úteis como os Originaes,,24 maio,29 outubro 2023,Museu Nacional de Arte Antiga,https://www.agendalx.pt/events/event/tao-uteis-como-os-originaes/
artes,Arte e Natureza,Oficina p/ crianças,4 outubro,25 outubro 2023,Casa do Jardim da Estrela - Um Teatro em Cada Bairro,https://www.agendalx.pt/events/event/arte-e-natureza-2/
artes,A Outra Vida das Marionetas,Coleções das reservas,28 julho,29 outubro 2023,Museu da Marioneta,https://www.agendalx.pt/events/event/a-outra-vida-das-marionetas/
artes,Emoções à Mesa,Da paixão às saudades,24 fevereiro 2022,31 dezembro 2023,Fundação Calouste Gulbenkian,https://www.agendalx.pt/events/event/emocoes-a-mesa-da-paixao-as-saudades/
artes,José Manuel Rodrigues,Natureza morta,15 setembro,29 outubro 2023,Panteão Nacional,https://www.agendalx.pt/events/event/jose-manuel-rodrigues/
artes,A Cadeirinha: Um Meio de Transporte Urbano e Privado,,12 julho,5 novembro 2023,Museu Nacional dos Coches,https://www.agendalx.pt/events/event/a-cadeirinha-um-meio-de-transporte-urbano-e-privado/
cinema,Doclisboa'23,21.º Festival Internacional de Cinema,19,19 de October de 2023,vários locais,https://www.agendalx.pt/events/event/doclisboa23/
artes,Tara e Sylvain Bongard,Frágil,6 setembro 2023,4 janeiro 2024,Jardim Botânico de Lisboa,https://www.agendalx.pt/events/event/tara-e-sylvain-bongard/
artes,Urban [R]Evolution,,21 junho,3 dezembro 2023,Cordoaria Nacional,https://www.agendalx.pt/events/event/urbanrevolution/
artes,Unidigrazz,Distante,15 setembro,28 outubro 2023,Galeria Underdogs,https://www.agendalx.pt/events/event/unidigrazz/
artes,A Mão que Vê -  e Manda!,Pomar -  oito décadas,27,27 de September de 2023,São Roque Antiguidades e Galeria de Arte,https://www.agendalx.pt/events/event/a-mao-e-que-ve-e-manda/
música,Música de Câmara,Foyer do TNSC,25 outubro 2023,25 outubro 2023,Teatro Nacional de São Carlos,https://www.agendalx.pt/events/event/musica-de-camara/
artes,Território #4: FAZER,Ciclo Território,25 setembro 2023,5 janeiro 2024,Fidelidade Arte,https://www.agendalx.pt/events/event/fazer/
teatro,José -  o Pai,Elmano Sancho,14 setembro,29 outubro 2023,Teatro da Trindade INATEL,https://www.agendalx.pt/events/event/jose-o-pai/
teatro,Um Homem Inofensivo,Luís António Coelho,15 setembro,26 novembro 2023,Teatro Aberto,https://www.agendalx.pt/events/event/um-homem-inofensivo/
teatro,Europa,David Greig/ Artistas Unidos,18,18 de October de 2023,São Luiz Teatro Municipal,https://www.agendalx.pt/events/event/europa/
teatro,Vermelho é a cor do meu luto,Carla Bolito,25,25 de October de 2023,Sistema SMOP,https://www.agendalx.pt/events/event/vermelho-e-a-cor-do-meu-luto/
teatro,Sonho de uma Noite de Verão,W.Shakespeare/ D.Infante,21,21 de September de 2023,Teatro da Trindade INATEL,https://www.agendalx.pt/events/event/sonho-de-uma-noite-de-verao-5/
teatro,Marilyn -  o musical,Teatro Àpriori,13 outubro,29 outubro 2023,Teatro Armando Cortez,https://www.agendalx.pt/events/event/marilyn-o-musical/
teatro,PLIM 'Tás Ótima!,Salvador Martinha,23,23 de October de 2023,Coliseu dos Recreios,https://www.agendalx.pt/events/event/plim-tas-otima/
música,Drab Majesty,An Object In Motion,25 outubro 2023,25 outubro 2023,Musicbox,https://www.agendalx.pt/events/event/drab-majesty/
teatro,Natálias,A partir da vida e obra de Natália Correia,11 outubro,2 novembro 2023,Boutique da Cultura - Um Teatro em Cada Bairro,https://www.agendalx.pt/events/event/natalias/
artes,O Castelo Surrealista de Mário Cesariny,,05,05 de October de 2023,MAAT - Museu de Arte -  Arquitetura e Tecnologia,https://www.agendalx.pt/events/event/o-castelo-surrealista-de-mario-cesariny/
teatro,A Morte do Corvo,Nova temporada,13 setembro,29 outubro 2023,Hospital Militar da Estrela,https://www.agendalx.pt/events/event/a-morte-do-corvo-2/
artes,Fantasma Gaiata,A coleção da CGD,14 outubro 2023,28 janeiro 2024,Culturgest,https://www.agendalx.pt/events/event/fantasma-gaiata/
artes,48 Artistas -  48 anos de Liberdade,,10 junho 2022,10 junho 2024,MAAT - Museu de Arte -  Arquitetura e Tecnologia,https://www.agendalx.pt/events/event/48-artistas-48-anos-de-liberdade/
artes -  dança -  literatura -  teatro,Cucu! 2023,Festival de Artes para a 1.ª Infância,15,15 de October de 2023,Casa do Coreto,https://www.agendalx.pt/events/event/cucu-espetaculos-para-bebes-3/
artes -  dança -  literatura -  teatro,Cucu! 2023,Festival de Artes para a 1.ª Infância,15,15 de October de 2023,Casa do Coreto,https://www.agendalx.pt/events/event/cucu-espetaculos-para-bebes-3/
artes -  dança -  literatura -  teatro,Cucu! 2023,Festival de Artes para a 1.ª Infância,15,15 de October de 2023,Casa do Coreto,https://www.agendalx.pt/events/event/cucu-espetaculos-para-bebes-3/
artes,Impulso Fotográfico: (Des)arrumar o Arquivo Colonial,,21 dezembro 2022,31 dezembro 2023,Museu Nacional de História Natural e da Ciência,https://www.agendalx.pt/events/event/impulso-fotografico-desarrumar-o-arquivo-colonial/
artes,Vieira da Silva,Pintura em movimento,24 junho 2023,31 dezembro 2025,Museu Arpad Szenes-Vieira da Silva,https://www.agendalx.pt/events/event/vieira-da-silva-2/
artes -  visitas guiadas,MURO 2023,Festival de Arte Urbana de Lisboa,20,20 de October de 2023,vários locais,https://www.agendalx.pt/events/event/muro-2023/
artes,Miguel Angelo Rocha,Quarto de flores,21 setembro,21 dezembro 2023,Cabana Mad,https://www.agendalx.pt/events/event/miguel-angelo-rocha-2/
artes,Eduarda Dionísio,Materiais do Arquivo Mário Dionísio - Maria Letícia,30 setembro,31 dezembro 2023,Casa da Achada – Centro Mário Dionísio,https://www.agendalx.pt/events/event/eduarda-dionisio-materiais-de-arquivo/
artes,Evolving Landscapes,,22 setembro,24 novembro 2023,Artemis Gallery,https://www.agendalx.pt/events/event/evolving-landscapes/
cinema,REPEAT - Alvalade Cineclube,,5 outubro,26 outubro 2023,Cinema Fernando Lopes,https://www.agendalx.pt/events/event/repeat-alvalade-cineclube/
teatro,Branca de Neve e o Espelho do Mundo,Caixa de Cena,21 outubro,21 dezembro 2023,Parque Mayer,https://www.agendalx.pt/events/event/branca-de-neve-e-o-espelho-do-mundo/
música,Há Música ao Fundo do Túnel,Saúde mental toca a todos,26,26 de October de 2023,vários locais,https://www.agendalx.pt/events/event/ha-musica-ao-fundo-do-tunel-3/
cinema,Cineclube MUTIM,"Vai e Vem" + "Pasajeras",26 outubro,30 novembro 2023,Goethe-Institut,https://www.agendalx.pt/events/event/cineclube-mutim/
artes,Stephen Burke e Wasted Rita,Everyday disquiet,26 outubro,23 dezembro 2023,Ainori Contemporary Art Gallery,https://www.agendalx.pt/events/event/stephen-burke-e-wasted-rita/
artes,Paint in the Dark,Sessões especiais de Halloween,26 outubro,28 outubro 2023,Rive Rouge,https://www.agendalx.pt/events/event/paint-in-the-dark-2/
artes,Tony Cragg,Rare earth,26,26 de October de 2023,Museu Nacional de Arte Contemporânea do Chiado,https://www.agendalx.pt/events/event/tony-cragg-2/
artes,Arte no Feminino,Homenagem às autoras de tapeçarias de Portalegre,3 outubro,30 novembro 2023,Galeria Tapeçarias de Portalegre,https://www.agendalx.pt/events/event/arte-no-feminino/
artes,Gil Vicente. Portugal e Espanha nos Primórdios do Teatro Europeu,,26,26 de October de 2023,Museu Nacional do Teatro e da Dança,https://www.agendalx.pt/events/event/gil-vicente-portugal-e-espanha-nos-primordios-do-teatro-europeu/
artes,A Cidade em Diálogo: Reflexos de Lisboa e o Programa de Arte Pública Underdogs,,26,26 de October de 2023,Livraria Ler Devagar,https://www.agendalx.pt/events/event/a-cidade-em-dialogo/
teatro,Paródia Nacional,Uma nova Revista à portuguesa,14 setembro,30 dezembro 2023,Teatro Maria Vitória,https://www.agendalx.pt/events/event/parodia-nacional/
artes,Luís Afonso,Ora -  faço gravuras…,26,26 de October de 2023,Museu Bordalo Pinheiro,https://www.agendalx.pt/events/event/luis-afonso/
artes,Natureza Viva: Paisagem e Sustentabilidade,,5 junho 2023,28 janeiro 2024,Edifício dos Leões - Espaço Santander,https://www.agendalx.pt/events/event/natureza-viva-paisagem-e-sustentabilidade/
dança,Txabeta,Djam Neguin,26 outubro 2023,26 outubro 2023,Forum Dança,https://www.agendalx.pt/events/event/txabeta/
dança,Las Lámparas,Leticia Skrycky,26 outubro,28 outubro 2023,Teatro do Bairro Alto,https://www.agendalx.pt/events/event/las-lamparas/
teatro,2:22 Uma história de fantasmas,D. Robins/ M. Simeão,14 setembro,30 dezembro 2023,Teatro Villaret,https://www.agendalx.pt/events/event/222-uma-historia-de-fantasmas/
música,Marco Rodrigues,Há Fado no Cais,26 outubro 2023,26 outubro 2023,Centro Cultural de Belém,https://www.agendalx.pt/events/event/marco-rodrigues-2/
teatro,O regresso de Ricardo III no comboio das 9h24,,26 outubro,30 dezembro 2023,Teatro Maria Matos,https://www.agendalx.pt/events/event/o-regresso-de-ricardo-iii-no-comboio-das-9h24/
música,Surma,Em formato trio,26 outubro 2023,26 outubro 2023,Lounge,https://www.agendalx.pt/events/event/surma-4/
teatro,Um nó apertado,Escola de Mulheres,25,25 de October de 2023,Clube Estefânia,https://www.agendalx.pt/events/event/um-no-apertado/
dança,Solo,Luz da Camara,26 outubro 2023,26 outubro 2023,Teatro do Bairro,https://www.agendalx.pt/events/event/solo-2/
teatro,Tarântula,Companhia da Chaminé,26 outubro,28 outubro 2023,Centro Cultural Franciscano,https://www.agendalx.pt/events/event/tarantula/
música,Kumpania Algazarra,Histórias e Raízes,26 outubro 2023,26 outubro 2023,B.Leza,https://www.agendalx.pt/events/event/kumpania-algazarra-2/
música,Fado no Jardim,na casa de Amália,20 maio,28 outubro 2023,Casa-Museu Amália Rodrigues,https://www.agendalx.pt/events/event/fado-na-casa-museu-amalia-rodrigues/
música,Vaiapraia,10 anos,27 outubro 2023,27 outubro 2023,DAMAS,https://www.agendalx.pt/events/event/vaiapraia-2/
cinema,Morte e Vida,"Viver" + "Dead Man",27 outubro,28 outubro 2023,Prosa - Plataforma Cultural,https://www.agendalx.pt/events/event/morte-e-vida/
artes,Rami Mogabgab,Oth.er.world.ly,27 outubro,9 novembro 2023,N/A,https://www.agendalx.pt/events/event/rami-mogabgab/
cinema,'Reino Animal' de Thomas Cailley,Sessão especial,27,27 de October de 2023,Cinema Fernando Lopes,https://www.agendalx.pt/events/event/reino-animal-de-thomas-cailley/
ciências -  cinema -  dança,Celebração do Dia Mundial do Património Audiovisual,,27,27 de October de 2023,Arquivo Municipal de Lisboa - Videoteca,https://www.agendalx.pt/events/event/dia-mundial-do-patrimonio-audiovisual-2/
ciências -  cinema -  dança,Celebração do Dia Mundial do Património Audiovisual,,27,27 de October de 2023,Arquivo Municipal de Lisboa - Videoteca,https://www.agendalx.pt/events/event/dia-mundial-do-patrimonio-audiovisual-2/
artes,Vieira Rodrigues,,27,27 de October de 2023,Galeria Novo Ângulo,https://www.agendalx.pt/events/event/vieira-rodrigues/
dança,Don Latino,Patrícia Carreira,1 outubro,29 outubro 2023,N/A,https://www.agendalx.pt/events/event/don-latino/
teatro,Shadowlands,William Nicholson,27,27 de October de 2023,Auditório Santa Joana,https://www.agendalx.pt/events/event/shadowlands/
teatro,De Mary para Mary,Maria do Céu Guerra e Rita Lello,27,27 de October de 2023,Centro Cultural de Belém,https://www.agendalx.pt/events/event/de-mary-para-mary/
cinema,'Spellbound' de A.Hitchcock,Dia do Património Audiovisual,27 outubro 2023,27 outubro 2023,Cinemateca Portuguesa - Museu do Cinema,https://www.agendalx.pt/events/event/dia-mundial-do-patrimonio-audiovisual/
teatro,O Despertar da Teatral’idade,,27 outubro 2023,27 outubro 2023,Avenidas - Um Teatro em Cada Bairro,https://www.agendalx.pt/events/event/o-despertar-da-teatralidade-2/
música,Rui Veloso,com Alexandre Manaia e Eduardo Espinho,27,27 de October de 2023,Coliseu dos Recreios,https://www.agendalx.pt/events/event/rui-veloso-5/
teatro,Kali,Joana de Verona,27,27 de October de 2023,Rua das Gaivotas 6,https://www.agendalx.pt/events/event/kali/
música,Outubro no Samambaia,Programa de concertos,13 outubro,28 outubro 2023,Samambaia,https://www.agendalx.pt/events/event/samambaia/
música,Mark Cain + Rui Marinho,,27,27 de October de 2023,Matchamama,https://www.agendalx.pt/events/event/mark-cain-rui-marinho/
cinema,O Filme do Mês,'Lisboa -  Cidade Triste e Alegre',17 outubro,28 outubro 2023,vários locais,https://www.agendalx.pt/events/event/o-filme-do-mes-29/
música,Brisa,Casulo,27 outubro 2023,27 outubro 2023,Espaço Laboratório,https://www.agendalx.pt/events/event/brisa/
música,Salvador Sobral,Timbre,27 outubro 2023,27 outubro 2023,Centro Cultural de Belém,https://www.agendalx.pt/events/event/salvador-sobral-4/
teatro,Valsa n.º 6,Nelson Rodrigues/ Luísa Thiré,20 outubro,27 outubro 2023,Chapitô,https://www.agendalx.pt/events/event/valsa-n-o-6/
stand up comedy,Humor Negro,Chiado Comedy Club,29 setembro,15 dezembro 2023,Teatro Bocage,https://www.agendalx.pt/events/event/humor-negro/
música,XII Festival Cantabile,2023,27 outubro,29 outubro 2023,Palácio Galveias,https://www.agendalx.pt/events/event/festival-cantabile/
teatro,Amor improvisa-se... e a traição também!,,22 setembro,27 outubro 2023,Museu da Farmácia,https://www.agendalx.pt/events/event/amor-improvisa-se-e-a-traicao-tambem/
música,Yago Oproprio,,27 outubro 2023,27 outubro 2023,Musicbox,https://www.agendalx.pt/events/event/yago-oproprio/
teatro,Fiona e Sereia,,22 outubro,10 dezembro 2023,Boutique da Cultura - Um Teatro em Cada Bairro,https://www.agendalx.pt/events/event/fiona-e-sereia/
teatro,O Capuchinho Vermelho,O Musical,14 outubro,12 novembro 2023,Boutique da Cultura - Um Teatro em Cada Bairro,https://www.agendalx.pt/events/event/o-capuchinho-vermelho/
cinema,Filminhos Infantis à Solta Pelo País,em outubro,7 outubro,28 outubro 2023,vários locais,https://www.agendalx.pt/events/event/filminhos-infantis-a-solta-pelo-pais-48/
cinema,Sessões de cinema no Turim,Um Teatro em cada Bairro,7 outubro,30 outubro 2023,Turim - Um Teatro em Cada Bairro,https://www.agendalx.pt/events/event/sessoes-de-cinema-no-turim/
teatro,A Bela Adormecida - O Musical,Filipe La Féria,21,21 de October de 2023,Teatro Politeama,https://www.agendalx.pt/events/event/a-bela-adormecida-6/
teatro,A Língua em Pedaços,Juan Mayorga/ Teatro Livre,28,28 de October de 2023,Museu de Lisboa - Teatro Romano,https://www.agendalx.pt/events/event/a-lingua-em-pedacos-2/
cinema,John Ford – Maior que a lenda,3.ª parte,28,28 de October de 2023,Cinema Nimas,https://www.agendalx.pt/events/event/john-ford-maior-que-a-lenda-3/
artes,With Love From Nature,,28,28 de October de 2023,Criatura - Verride Palácio de Santa Catarina,https://www.agendalx.pt/events/event/with-love-from-nature/
ciências -  cinema,Utopias Possíveis,Clima e sustentabilidade,28 outubro 2023,28 outubro 2023,Goethe-Institut,https://www.agendalx.pt/events/event/utopias-possiveis/
artes,Quiz Halloween,,28 outubro 2023,28 outubro 2023,Museu da Carris,https://www.agendalx.pt/events/event/quiz-halloween-2/
artes,Joias Sentimentais e de Luto,Workshop,28,28 de October de 2023,Museu do Tesouro Real,https://www.agendalx.pt/events/event/joias-sentimentais-e-de-luto/
teatro,O mundo mágico de Jack,TIL/ Fernando Gomes,21 outubro 2023,24 março 2024,Teatro Armando Cortez,https://www.agendalx.pt/events/event/o-mundo-magico-de-jack/
artes,As Miniaturas,Visita-oficinal para famílias,28 outubro 2023,28 outubro 2023,Museu do Tesouro Real,https://www.agendalx.pt/events/event/as-miniaturas/
artes,Caça às sombras,,28,28 de October de 2023,Quinta Alegre - Um Teatro em Cada Bairro,https://www.agendalx.pt/events/event/epoca-de-caca-caca-as-sombras/
música,Cantigas da Carolina,Canções Tradicionais e Originais,28 outubro 2023,28 outubro 2023,Fábrica Braço de Prata,https://www.agendalx.pt/events/event/cantigas-da-carolina/
teatro,Pinóquio,O musical,28 outubro,16 dezembro 2023,Teatro Bocage,https://www.agendalx.pt/events/event/pinoquio-4/
teatro,Peço a Palavra,Teresa Coutinho,21 outubro,29 outubro 2023,LU.CA - Teatro Luís de Camões,https://www.agendalx.pt/events/event/peco-a-palavra/
teatro,A Via do Meio,Diogo Andrade,28 outubro,29 outubro 2023,Quinta Alegre - Um Teatro em Cada Bairro,https://www.agendalx.pt/events/event/a-via-do-meio/
música,Fado na Rua,10.º aniversário de Santa Maria Maior,14 setembro,28 outubro 2023,Junta de Freguesia de Santa Maria Maior,https://www.agendalx.pt/events/event/fado-na-rua/
dança,Cracking Bones – Halloween Show,Novo Circo,28 outubro,31 outubro 2023,Jaya Aerial Lab,https://www.agendalx.pt/events/event/cracking-bones-halloween-show/
stand up comedy,Onde é que eu ia?,Nuno Artur Silva e A. Jorge Gonçalves,28 outubro 2023,28 outubro 2023,Teatro Tivoli BBVA,https://www.agendalx.pt/events/event/onde-e-que-eu-ia-3/
música,Justi - Concerto de outono,Coro de Câmara da Universidade de Lisboa,28 outubro 2023,28 outubro 2023,Sé de Lisboa,https://www.agendalx.pt/events/event/justi-concerto-de-outono/
música,Weyes Blood,And in the Darkness -  Hearts Aglow,28 outubro 2023,28 outubro 2023,Lisboa ao Vivo,https://www.agendalx.pt/events/event/weyes-blood/
artes,Novas memórias,Manhã criativa,29 outubro 2023,29 outubro 2023,Museu da Marioneta,https://www.agendalx.pt/events/event/novas-memorias/
teatro,Era Uma Vez...,Sem rede | Teatro de improviso,29,29 de October de 2023,Turim - Um Teatro em Cada Bairro,https://www.agendalx.pt/events/event/era-uma-vez-teatro-de-improviso/
teatro,A Lagartinha Aventureira,Teatro para bebés,22 outubro,29 outubro 2023,Boutique da Cultura - Um Teatro em Cada Bairro,https://www.agendalx.pt/events/event/a-lagartinha-aventureira/
teatro,António e Antónia,João Pires,29 outubro 2023,29 outubro 2023,Teatro Bocage,https://www.agendalx.pt/events/event/antonio-e-antonia-3/
música,Sinfonia n.º 4 Italiana de Mendelssohn,Orquestra Metropolitana de Lisboa,29 outubro 2023,29 outubro 2023,Centro Cultural de Belém,https://www.agendalx.pt/events/event/sinfonia-n-o-4-italiana-de-mendelssohn/
música,Concerto Solidário,Associação Amigas do Peito/Outubro Rosa,29 outubro 2023,29 outubro 2023,Aula Magna,https://www.agendalx.pt/events/event/concerto-solidario-4/
música,Jorge Goes,Essências,29 outubro 2023,29 outubro 2023,Casa do Alentejo,https://www.agendalx.pt/events/event/jorge-goes/
música,Helena Reis e Miguel Orama,,29 outubro 2023,29 outubro 2023,Espaço Casa Cheia,https://www.agendalx.pt/events/event/helena-reis-e-miguel-orama/
teatro,16B: Uma peça improvisada em um ato,Nova temporada,21 outubro,25 novembro 2023,Flux•us Stage,https://www.agendalx.pt/events/event/16b-uma-peca-improvisada-em-um-ato/
música,Jungle,Volcano World Tour,29 outubro 2023,29 outubro 2023,Sagres Campo Pequeno,https://www.agendalx.pt/events/event/jungle/
música,Thylacine,,29 outubro 2023,29 outubro 2023,Musicbox,https://www.agendalx.pt/events/event/thylacine/
música,World Rock Bebé,Rock Me Baby,15 outubro,17 dezembro 2023,Parque Mayer,https://www.agendalx.pt/events/event/world-rock-bebe/
música,Programação Robalo,Outubro/novembro 2023,22,22 de October de 2023,Penha SCO,https://www.agendalx.pt/events/event/programacao-robalo/
cinema,Sangue e nervo: o cinema de William Friedkin,,2 outubro,31 outubro 2023,Cinemateca Portuguesa - Museu do Cinema,https://www.agendalx.pt/events/event/sangue-e-nervo-o-cinema-de-william-friedkin/
stand up comedy,A Grande Fantochada,Hugo Van Der Ding e Joana Gama,30 outubro,1 novembro 2023,Teatro Maria Matos,https://www.agendalx.pt/events/event/a-grande-fantochada/
cinema,'Rosa de Areia' de António Reis e Margarida Cordeiro,Imagens em Movimento,30,30 de October de 2023,Cinemateca Portuguesa - Museu do Cinema,https://www.agendalx.pt/events/event/imagens-em-movimento-cinema-portugues-em-dialogo/
literatura -  teatro,Um clube de leitura de peças de teatro: 2 peças de Heiner Müller,,30 outubro 2023,30 outubro 2023,Teatro da Politécnica,https://www.agendalx.pt/events/event/um-clube-de-leitura-de-pecas-de-teatro-2-pecas-de-heiner-muller/
cinema,De/ Com/ Para Eduarda Dionísio,,2 outubro,30 outubro 2023,Casa da Achada – Centro Mário Dionísio,https://www.agendalx.pt/events/event/de-com-para-eduarda-dionisio/
música,Gilberto Gil,Aquele Abraço,30 outubro,31 outubro 2023,Coliseu dos Recreios,https://www.agendalx.pt/events/event/gilberto-gil-3/
stand up comedy,Lado Positivo,Hugo Sousa,30 outubro 2023,30 outubro 2023,Teatro Tivoli BBVA,https://www.agendalx.pt/events/event/175927/
cinema -  literatura,Com a Linha de Sombra,Sessões de outubro,14 outubro,31 outubro 2023,Cinemateca Portuguesa - Museu do Cinema,https://www.agendalx.pt/events/event/com-a-linha-de-sombra-26/
cinema,'Megalomaníaca' de Karim Ouelhaj,especial Halloween,31 outubro 2023,31 outubro 2023,Cinema Fernando Lopes,https://www.agendalx.pt/events/event/megalomaniaca-de-karim-ouelhaj/
cinema,O que quero ver,'Salon Kitty' de Tinto Brass,31 outubro 2023,31 outubro 2023,Cinemateca Portuguesa - Museu do Cinema,https://www.agendalx.pt/events/event/o-que-quero-ver-28/
música,Grupo de Música Contemporânea de Lisboa,Mundos,31 outubro 2023,31 outubro 2023,O'culto da Ajuda,https://www.agendalx.pt/events/event/grupo-de-musica-contemporanea-de-lisboa-2/
música,London Community Gospel Choir,One night with the Beatles,31 outubro 2023,31 outubro 2023,Centro Cultural de Belém,https://www.agendalx.pt/events/event/london-community-gospel-choir-2/
cinema,Shortcutz Lisboa,,3 janeiro,19 dezembro 2023,Sociedade de Instrução Guilherme Cossoul,https://www.agendalx.pt/events/event/shortcutz-lisboa/
música,Orquestra Sinfónica Juvenil,50º Aniversário,31 outubro 2023,31 outubro 2023,São Luiz Teatro Municipal,https://www.agendalx.pt/events/event/orquestra-sinfonica-juvenil-12/
dança,Ball-O-Ween,,31 outubro 2023,31 outubro 2023,Teatro Ibérico,https://www.agendalx.pt/events/event/ball-o-ween/
artes -  dança -  música -  teatro,II Festival Eufémia,Perspetivas de Género e Identidades em Cena,31 outubro,5 novembro 2023,vários locais,https://www.agendalx.pt/events/event/ii-festival-eufemia/
artes -  dança -  música -  teatro,II Festival Eufémia,Perspetivas de Género e Identidades em Cena,31 outubro,5 novembro 2023,vários locais,https://www.agendalx.pt/events/event/ii-festival-eufemia/
artes -  dança -  música -  teatro,II Festival Eufémia,Perspetivas de Género e Identidades em Cena,31 outubro,5 novembro 2023,vários locais,https://www.agendalx.pt/events/event/ii-festival-eufemia/
artes -  dança -  música -  teatro,II Festival Eufémia,Perspetivas de Género e Identidades em Cena,31 outubro,5 novembro 2023,vários locais,https://www.agendalx.pt/events/event/ii-festival-eufemia/
teatro,A alegre História de Portugal em 90 minutos,,1 novembro 2023,1 novembro 2023,Teatro Bocage,https://www.agendalx.pt/events/event/a-alegre-historia-de-portugal-em-90-minutos/
música -  teatro,Xiribi Ba Ba Ba Bach,Teatro para bebés,1 novembro 2023,1 novembro 2023,Casa do Coreto,https://www.agendalx.pt/events/event/xiribi-ba-ba-ba-bach-2/
música -  teatro,Xiribi Ba Ba Ba Bach,Teatro para bebés,1 novembro 2023,1 novembro 2023,Casa do Coreto,https://www.agendalx.pt/events/event/xiribi-ba-ba-ba-bach-2/
teatro,Todas as coisas maravilhosas,Últimas datas,26 julho,3 novembro 2023,Time Out Market - Mercado da Ribeira,https://www.agendalx.pt/events/event/todas-as-coisas-maravilhosas-3/
stand up comedy,Haja Bonecos Ao Vivo,,1 novembro,2 novembro 2023,Teatro Tivoli BBVA,https://www.agendalx.pt/events/event/haja-bonecos-ao-vivo/
música,Rodrigo Leão + Tó Trips,Piano para Piano + Popular Jaguar,1 novembro 2023,1 novembro 2023,Centro Cultural de Belém,https://www.agendalx.pt/events/event/rodrigo-leao-to-trips/
música,Kavita Shah,Cape Verdean Blues,01,01 de November de 2023,Centro Cultural de Belém,https://www.agendalx.pt/events/event/kavita-shah-2/
stand up comedy,Domino's Comedy Club,novembro,01,01 de November de 2023,Teatro Cinearte,https://www.agendalx.pt/events/event/dominos-comedy-club/
cinema,A Guerra no cinema III,Para além do campo de batalha,02,02 de November de 2023,Cinemateca Portuguesa - Museu do Cinema,https://www.agendalx.pt/events/event/a-guerra-no-cinema-parte-iii/
cinema,In memoriam Kenneth Anger,,02,02 de November de 2023,Cinemateca Portuguesa - Museu do Cinema,https://www.agendalx.pt/events/event/in-memoriam-kenneth-anger/
música,Jameson Urban Routes,2023,02,02 de November de 2023,Musicbox,https://www.agendalx.pt/events/event/jameson-urban-routes-3/
cinema,O Centenário do Cinema de Animação Português,Curtas de Escola,02,02 de November de 2023,Cinemateca Portuguesa - Museu do Cinema,https://www.agendalx.pt/events/event/o-centenario-do-cinema-de-animacao-portugues-4/
cinema,A Cidade em Frames,Ciclo de cinema,02,02 de November de 2023,Centro de Informação Urbana de Lisboa (CIUL),https://www.agendalx.pt/events/event/a-cidade-em-frames/
dança,Trans*Performatividade,Aura,2 novembro,3 novembro 2023,Mono,https://www.agendalx.pt/events/event/transperformatividade/
teatro,As Alegres Comadres de Windsor,Shakespeare/Comuna,2 novembro,3 dezembro 2023,Teatro da Comuna,https://www.agendalx.pt/events/event/as-alegres-comadres-de-windsor/
música,Requiem -  de Mozart,Orquestra Filarmónica Portuguesa,2 novembro 2023,2 novembro 2023,Aula Magna,https://www.agendalx.pt/events/event/requiem-de-mozart-6/
música,Carminho,Portuguesa,2 novembro,3 novembro 2023,Coliseu dos Recreios,https://www.agendalx.pt/events/event/carminho-6/
teatro,Trair e coçar é só começar,Novas datas,02,02 de November de 2023,Casino de Lisboa,https://www.agendalx.pt/events/event/trair-e-cocar-e-so-comecar-3/
cinema,Iguais mas Desiguais,Festival PLAY,3 novembro,5 novembro 2023,LU.CA - Teatro Luís de Camões,https://www.agendalx.pt/events/event/iguais-mas-desiguais/
cinema,Warm Up! Olhares do Mediterrâneo - Women’s Film Festival  ,,10 outubro,3 novembro 2023,vários locais,https://www.agendalx.pt/events/event/warm-up-olhares-do-mediterraneo/
cinema,In memoriam Michael Snow,,03,03 de November de 2023,Cinemateca Portuguesa - Museu do Cinema,https://www.agendalx.pt/events/event/in-memoriam-michael-snow/
literatura -  teatro,Esta Noite Grita-se,7.º Festim de leituras de textos de teatro,1 outubro,3 dezembro 2023,vários locais,https://www.agendalx.pt/events/event/esta-noite-grita-se-3/
música -  visitas guiadas,Fado no Loreto,Concerto + visita,7 julho,22 dezembro 2023,Museu da Água da EPAL – Galeria do Loreto,https://www.agendalx.pt/events/event/fado-no-loreto/
música,Cuca Roseta com Orquestra do Algarve,Amália com orquestra,3 novembro 2023,3 novembro 2023,Culturgest,https://www.agendalx.pt/events/event/cuca-roseta-com-orquestra-do-algarve/
música,Rodrigo Cuevas + Bandua,,3 novembro 2023,3 novembro 2023,Cineteatro Capitólio - Teatro Raúl Solnado,https://www.agendalx.pt/events/event/rodrigo-cuevas-bandua/
artes -  música,Ricardo Jacinto,O Rapto de Europa,03,03 de November de 2023,Centro Cultural de Belém,https://www.agendalx.pt/events/event/ricardo-jacinto-4/
artes -  música,Ricardo Jacinto,O Rapto de Europa,03,03 de November de 2023,Centro Cultural de Belém,https://www.agendalx.pt/events/event/ricardo-jacinto-4/
música,Titãs,Todos ao mesmo tempo agora,3 novembro 2023,3 novembro 2023,Altice Arena,https://www.agendalx.pt/events/event/titas/
música,The Elton John Experience,Tributo a Elton John,3 novembro 2023,3 novembro 2023,Sagres Campo Pequeno,https://www.agendalx.pt/events/event/the-elton-john-experience/
artes -  feiras,Mercado P'la Arte,,7 maio 2022,2 dezembro 2023,Prata Riverside Village,https://www.agendalx.pt/events/event/mercado-pla-arte/
cinema,FILM CLUB Curious Monkey,Cinema Essencial 40s - 50s - 60s,23 setembro,2 dezembro 2023,Prosa - Plataforma Cultural,https://www.agendalx.pt/events/event/cinema-essencial-40s-60s/
artes,11 – Pinturas de Natália Gromicho,,4 novembro,1 dezembro 2023,Atelier Natália Gromicho,https://www.agendalx.pt/events/event/11-pinturas-de-natalia-gromicho/
cinema,Transformações,Ciclo de cinema,04,04 de November de 2023,Reitoria da Universidade de Lisboa,https://www.agendalx.pt/events/event/transformacoes/
cinema,Sábados em família,em novembro,04,04 de November de 2023,Cinemateca Portuguesa - Museu do Cinema,https://www.agendalx.pt/events/event/sabados-em-familia-44/
artes -  música,Silêncio & Horizonte Acústico,Com Ricardo Jacinto,04,04 de November de 2023,Centro Cultural de Belém,https://www.agendalx.pt/events/event/silencio-horizonte-acustico/
artes -  música,Silêncio & Horizonte Acústico,Com Ricardo Jacinto,04,04 de November de 2023,Centro Cultural de Belém,https://www.agendalx.pt/events/event/silencio-horizonte-acustico/
cinema,Os pequenos grandes mundos de Nicolas Philibert,,04,05 de November de 2023,Cinemateca Portuguesa - Museu do Cinema,https://www.agendalx.pt/events/event/os-pequenos-grandes-mundos-de-nicolas-philibert/
teatro,Frankenstiny,O musical,4 novembro,17 dezembro 2023,Teatro Villaret,https://www.agendalx.pt/events/event/frankenstiny/
música -  teatro,A menina que não cabia numa caixa quadrada,Lua Cheia,4 novembro,18 novembro 2023,Casa do Coreto,https://www.agendalx.pt/events/event/a-menina-que-nao-cabia-numa-caixa-quadrada/
música -  teatro,A menina que não cabia numa caixa quadrada,Lua Cheia,4 novembro,18 novembro 2023,Casa do Coreto,https://www.agendalx.pt/events/event/a-menina-que-nao-cabia-numa-caixa-quadrada/
música,Simão Costa e Jyoti Hedge,,4 novembro 2023,4 novembro 2023,Teatro do Bairro Alto,https://www.agendalx.pt/events/event/simao-costa-e-jyoti-hedge/
música,Benjamim e Samuel Úria,,4 novembro 2023,4 novembro 2023,Teatro Tivoli BBVA,https://www.agendalx.pt/events/event/benjamim-e-samuel-uria/
música,Corinne Bailey Rae ,Black Rainbows,4 novembro 2023,4 novembro 2023,Cineteatro Capitólio - Teatro Raúl Solnado,https://www.agendalx.pt/events/event/corinne-bailey-rae/
música,Ali Doğan Gönültaş,Música da Anatólia Oriental,04,04 de November de 2023,Fundação Calouste Gulbenkian,https://www.agendalx.pt/events/event/ali-dogan-gonultas/
stand up comedy,Sou ou não sou Carlos D'Moura,,4 novembro 2023,4 novembro 2023,Boutique da Cultura - Um Teatro em Cada Bairro,https://www.agendalx.pt/events/event/sou-ou-nao-sou-carlos-dmoura/
música,João Pedro Pais,25 Anos de carreira,4 novembro 2023,4 novembro 2023,Coliseu dos Recreios,https://www.agendalx.pt/events/event/174260/
música,Silva,,4 novembro 2023,4 novembro 2023,Sagres Campo Pequeno,https://www.agendalx.pt/events/event/silva-2/
música,Spindle Ensemble,Música em velocidade cruzeiro,04,04 de November de 2023,Centro Cultural de Belém,https://www.agendalx.pt/events/event/spindle-ensemble/
cinema,Cinepop 2023,,5 novembro,17 dezembro 2023,Fórum Lisboa,https://www.agendalx.pt/events/event/cinepop-2023/
artes,Um passeio entre flores e frutos,Visita-jogo,5 novembro 2023,5 novembro 2023,Museu Nacional de Arte Antiga,https://www.agendalx.pt/events/event/um-passeio-entre-flores-e-frutos/
teatro,As aventuras de Tom Sawyer,bYfurcação Teatro,05,05 de November de 2023,Auditório Carlos Paredes,https://www.agendalx.pt/events/event/as-aventuras-de-tom-sawyer/
teatro,FadóSol,,5 novembro,19 novembro 2023,Casa do Coreto,https://www.agendalx.pt/events/event/fadosol/
música,Nádia Campos,Luz Peregrina,5 novembro 2023,5 novembro 2023,AJA - Associação José Afonso,https://www.agendalx.pt/events/event/nadia-campos/
música,Nabucco,Verdi/Hesperian Symphony Orchestra,5 novembro 2023,5 novembro 2023,Coliseu dos Recreios,https://www.agendalx.pt/events/event/nabucco-de-verdi/
música,Solistas da Orquestra Gulbenkian,,06,06 de November de 2023,Fundação Calouste Gulbenkian,https://www.agendalx.pt/events/event/solistas-da-orquestra-gulbenkian-20/
música,Madonna,The Celebration Tour,6 novembro,7 novembro 2023,Altice Arena,https://www.agendalx.pt/events/event/madonna-2/
cinema,Aprendendo e Vivendo,Ciclo de cinema,6 novembro,27 novembro 2023,Casa da Achada – Centro Mário Dionísio,https://www.agendalx.pt/events/event/aprendendo-e-vivendo/
artes,Agata Cardoso,You left a hole in me,07,07 de November de 2023,Espaço Bento Martins,https://www.agendalx.pt/events/event/agata-cardoso/
música,Devendra Banhart,Flying Wig,7 novembro 2023,7 novembro 2023,Coliseu dos Recreios,https://www.agendalx.pt/events/event/devendra-banhart-2/
stand up comedy,Pequeno Problema,Dário Guerreiro,7 novembro 2023,7 novembro 2023,Teatro da Trindade INATEL,https://www.agendalx.pt/events/event/pequeno-problema/
cinema -  música,Nivhek,Engine,8 novembro 2023,8 novembro 2023,Culturgest,https://www.agendalx.pt/events/event/nivhek-2/
cinema -  música,Nivhek,Engine,8 novembro 2023,8 novembro 2023,Culturgest,https://www.agendalx.pt/events/event/nivhek-2/
cinema,Cinema nas Avenidas,'Palladio - O Espetáculo da Arquitetura',08,08 de November de 2023,Biblioteca Palácio Galveias,https://www.agendalx.pt/events/event/cinema-nas-avenidas-4/
artes,Miguel Furtado Martins,Fotografia em tempo de emergência,08,08 de November de 2023,Avenidas - Um Teatro em Cada Bairro,https://www.agendalx.pt/events/event/miguel-furtado-martins-2/
teatro,Tom Vinagre,Caryl Churchill/ Carolina Serrão,8 novembro,26 novembro 2023,Teatro do Bairro,https://www.agendalx.pt/events/event/tom-vinagre/
música,Inês Marques Lucas,Horas Mortas,8 novembro 2023,8 novembro 2023,Teatro Maria Matos,https://www.agendalx.pt/events/event/ines-marques-lucas/
cinema,América '70 - Alvalade Cineclube,2.ª edição,8 novembro,29 novembro 2023,Cinema Ideal,https://www.agendalx.pt/events/event/america-70-alvalade-cineclube/
artes,Xavier Ovídio,Notes on perception,9 novembro 2023,6 janeiro 2024,Museu Nacional de História Natural e da Ciência,https://www.agendalx.pt/events/event/xavier-ovidio/
cinema,Olhares do Mediterrâneo - Women's Film Festival,10.ª edição,09,09 de November de 2023,vários locais,https://www.agendalx.pt/events/event/olhares-do-mediterraneo-womens-film-festival-2/
artes,Sobre a linha do horizonte - Andreas Stöcklein na Coleção Ratton,,09,09 de November de 2023,Museu Nacional do Azulejo,https://www.agendalx.pt/events/event/andreas-stocklein-2/
artes,Jorge Vieira,Obras e maquetes,09,09 de November de 2023,vários locais,https://www.agendalx.pt/events/event/jorge-vieira/
artes,Lisbon Art Weekend,2023,09,09 de November de 2023,vários locais,https://www.agendalx.pt/events/event/lisbon-art-weekend-4/
cinema -  literatura,Com a Linha de Sombra,'As Operações SAAL' + 'Nha Fala',09,09 de November de 2023,Cinemateca Portuguesa - Museu do Cinema,https://www.agendalx.pt/events/event/com-a-linha-de-sombra-27/
teatro,ABSTRACT,Cão Solteiro e Vasco Araújo,9 novembro,12 novembro 2023,São Luiz Teatro Municipal,https://www.agendalx.pt/events/event/abstract/
teatro,Al_Gharb,Teatro Meridional,09,09 de November de 2023,Teatro Meridional,https://www.agendalx.pt/events/event/al_gharb/
artes -  ciências,Terra Batida,Pedra Pele Pulmão,11,11 de November de 2023,Espaço Alkantara,https://www.agendalx.pt/events/event/terra-batida-2/
cinema,Sobre a natureza humana I,'Attenberg' + 'Corpo e Alma',10,10 de November de 2023,Prosa - Plataforma Cultural,https://www.agendalx.pt/events/event/sobre-a-natureza-humana-i/
artes,Rui Matos,Laboratório,10,10 de November de 2023,Museu Nacional de História Natural e da Ciência,https://www.agendalx.pt/events/event/rui-matos-2/
cinema,LEFFEST'23,17.ª edição,10,10 de November de 2023,vários locais,https://www.agendalx.pt/events/event/leffest23/
cinema,Nos 25 anos da Associação de Imagem Portuguesa,,10,10 de November de 2023,Cinemateca Portuguesa - Museu do Cinema,https://www.agendalx.pt/events/event/nos-25-anos-da-associacao-de-imagem-portuguesa-3/
cinema,'Golpe de Sol' + 'O Táxi n.º 9297',Sessões especiais,10,10 de November de 2023,Biblioteca/Espaço Cultural Cinema Europa,https://www.agendalx.pt/events/event/golpe-de-sol-o-taxi-no-9297/
teatro,Emídio,Sandro William Junqueira e Giacomo Scalisi,10 novembro,11 novembro 2023,Quinta Alegre - Um Teatro em Cada Bairro,https://www.agendalx.pt/events/event/emidio/
teatro,Whitewashing,Rébecca Chaillon e Aurore Déon,10 novembro,11 novembro 2023,Teatro do Bairro Alto,https://www.agendalx.pt/events/event/whitewashing/
música,Anna Setton + Salomão Soares,,10 novembro 2023,10 novembro 2023,Museu do Oriente,https://www.agendalx.pt/events/event/anna-setton-2/
teatro,A Família do Antiquário,Carlo Goldoni/ Teatro Mira,10 novembro,11 novembro 2023,Espaço Lua Cheia,https://www.agendalx.pt/events/event/a-familia-do-antiquario/
música,Silva Lining Band,Lisboa,10,10 de November de 2023,Parque Mayer,https://www.agendalx.pt/events/event/silva-lining-band/
música,João Costa Ferreira,Florilégio Romântico,10,10 de November de 2023,Centro Cultural de Belém,https://www.agendalx.pt/events/event/joao-costa-ferreira/
música,Tito Paris,40 anos de carreira,10 novembro 2023,10 novembro 2023,Coliseu dos Recreios,https://www.agendalx.pt/events/event/tito-paris-3/
música,Francisco Fontes,Cosmopolita,10,10 de November de 2023,Musicbox,https://www.agendalx.pt/events/event/francisco-fontes/
música,Enes,A line has two sides,10 novembro 2023,10 novembro 2023,TOKYO - Rock Bar,https://www.agendalx.pt/events/event/enes/
dança -  música,F(r)esta,Núcleo MeioFio,10 novembro 2023,10 novembro 2023,A11 Galleries,https://www.agendalx.pt/events/event/fresta/
dança -  música,F(r)esta,Núcleo MeioFio,10 novembro 2023,10 novembro 2023,A11 Galleries,https://www.agendalx.pt/events/event/fresta/
teatro,Quando for grande quero ser,Ana Rangel,11,14 de November de 2023,Casino de Lisboa,https://www.agendalx.pt/events/event/quando-for-grande-quer-ser/
artes,Laboratório para Pessoas Insubmissas,Além Mundus,11 novembro,18 novembro 2023,Avenidas - Um Teatro em Cada Bairro,https://www.agendalx.pt/events/event/laboratorio-para-pessoas-insubmissas/
cinema,O Filme do Mês,'Ryuichi Sakamoto: Coda' de Stephen N.Schible,11,11 de November de 2023,vários locais,https://www.agendalx.pt/events/event/o-filme-do-mes-30/
cinema,Sábados Clássicos,novembro,11,11 de November de 2023,Cinemateca Portuguesa - Museu do Cinema,https://www.agendalx.pt/events/event/sabados-classicos-3/
cinema,O que quero ver,'A Rosa Púrpura do Cairo' de Woody Allen,11,11 de November de 2023,Cinemateca Portuguesa - Museu do Cinema,https://www.agendalx.pt/events/event/o-que-quero-ver-29/
música,49.º Festival Estoril Lisboa,Mare Nostrum,11,11 de November de 2023,vários locais,https://www.agendalx.pt/events/event/49-o-festival-estoril-lisboa-2/
teatro,A Bela e o Monstro,,11 novembro,30 dezembro 2023,Centro Cultural de Belém,https://www.agendalx.pt/events/event/a-bela-e-o-monstro/
literatura -  teatro,A história do LU.CA – Um teatro para crianças,Lanchamento,11 novembro 2023,11 novembro 2023,LU.CA - Teatro Luís de Camões,https://www.agendalx.pt/events/event/a-historia-do-lu-ca-um-teatro-para-criancas/
teatro,O Patinho Feio,,11 novembro 2023,11 novembro 2023,Fábrica Braço de Prata,https://www.agendalx.pt/events/event/o-patinho-feio-2/
música,Candlelight,100 Anos da Warner Bros.,11,11 de November de 2023,Museu de Marinha,https://www.agendalx.pt/events/event/candlelight-11/
teatro,Antígona na Amazónia,Milo Rau/ NTGent,11 novembro,12 novembro 2023,Culturgest,https://www.agendalx.pt/events/event/antigona-na-amazonia/
teatro,A Bola de Cristal,Luísa Fidalgo,11 novembro,12 novembro 2023,Teatro Cinearte,https://www.agendalx.pt/events/event/a-bola-de-cristal/
teatro,Chama - Histórias de um Palhaço que Amava Demais,[CANCELADO],11 novembro 2023,11 novembro 2023,Teatro Ibérico,https://www.agendalx.pt/events/event/chama-historias-de-um-palhaco-que-amava-demais/
música,800 Gondomar,,11,11 de November de 2023,Galeria Zé dos Bois,https://www.agendalx.pt/events/event/800-gondomar/
dança -  teatro,Projeto Side Trip,Chim↑Pom from Smappa!Group,11 novembro,26 novembro 2023,vários locais,https://www.agendalx.pt/events/event/projeto-side-trip/
dança -  teatro,Projeto Side Trip,Chim↑Pom from Smappa!Group,11 novembro,26 novembro 2023,vários locais,https://www.agendalx.pt/events/event/projeto-side-trip/
música,Trompetes do Brasil,Solistas da Metropolitana,12 novembro 2023,12 novembro 2023,Museu do Oriente,https://www.agendalx.pt/events/event/trompetes-do-brasil/
música -  teatro,Maria da Fonte,De Augusto Machado,12,12 de November de 2023,Centro Cultural de Belém,https://www.agendalx.pt/events/event/maria-da-fonte/
música -  teatro,Maria da Fonte,De Augusto Machado,12,12 de November de 2023,Centro Cultural de Belém,https://www.agendalx.pt/events/event/maria-da-fonte/
teatro,Conspirações,Teresa Castro,12 novembro,13 novembro 2023,Espaço Alkantara,https://www.agendalx.pt/events/event/conspiracoes/
música,Salomé Pais Matos + João Quinteiro,Residência artística,12,12 de November de 2023,Lisboa Incomum,https://www.agendalx.pt/events/event/salome-pais-matos-joao-quinteiro/
cinema,A Cinemateca com o Olhares do Mediterrâneo,,13,13 de November de 2023,Cinemateca Portuguesa - Museu do Cinema,https://www.agendalx.pt/events/event/a-cinemateca-com-o-olhares-do-mediterraneo/
dança,Aeromancia,Alina Ruiz Folini,13 novembro,14 novembro 2023,Espaço Alkantara,https://www.agendalx.pt/events/event/aeromancia/
música,Com Ouvidos de Ver,Concertos comentados,11 julho,12 dezembro 2023,Casa-Museu Dr. Anastácio Gonçalves,https://www.agendalx.pt/events/event/com-ouvidos-de-ver/
música,Vale Perdido,,15,15 de November de 2023,vários locais,https://www.agendalx.pt/events/event/vale-perdido/
stand up comedy,Amor -  quero beijar mais pessoas,Joana B. Silva & Diogo Faro,15 novembro,20 dezembro 2023,Teatro Villaret,https://www.agendalx.pt/events/event/amor-quero-beijar-mais-pessoas/
música,André Henriques,Os fantasmas de amanhã ,15 novembro 2023,15 novembro 2023,Teatro Maria Matos,https://www.agendalx.pt/events/event/andre-henriques-3/
música,André Henriques,Leveza,15,15 de November de 2023,Teatro Maria Matos,https://www.agendalx.pt/events/event/andre-henriques-4/
teatro,UR ● DIR,Maria Olas e Vítor Alves da Silva,15 novembro,22 novembro 2023,Clube Estefânia,https://www.agendalx.pt/events/event/ur-%e2%97%8f-dir/
cinema,FILmar - Dia Nacional do Mar,,16,16 de November de 2023,Cinemateca Portuguesa - Museu do Cinema,https://www.agendalx.pt/events/event/filmar-dia-nacional-do-mar-2/
teatro,Remédio,Enda Walsh/ Artistas Unidos,16 novembro,16 dezembro 2023,Teatro da Politécnica,https://www.agendalx.pt/events/event/remedio/
teatro,De Mary para Mary,Maria do Céu Guerra e Rita Lello,16,16 de November de 2023,Teatro Cinearte,https://www.agendalx.pt/events/event/de-mary-para-mary-2/
teatro,Requiem por Isabel,Raquel Serejo Martins,16 novembro,30 dezembro 2023,Teatro da Trindade INATEL,https://www.agendalx.pt/events/event/requiem-por-isabel/
teatro,O Espírito - La Danse du Jour,Francisco Campos,16 novembro,19 novembro 2023,Teatro Ibérico,https://www.agendalx.pt/events/event/o-espirito-la-danse-du-jour/
música,Filipe Sambado,Três Anos de Escorpião em Touro,16 novembro 2023,16 novembro 2023,LuxFrágil,https://www.agendalx.pt/events/event/filipe-sambado-2/
teatro,Eu não sabia que podia,Os Possessos,17 novembro,29 novembro 2023,LU.CA - Teatro Luís de Camões,https://www.agendalx.pt/events/event/eu-nao-sabia-que-podia/
artes,Kilombo 2023,Aurora Negra,17 novembro,19 novembro 2023,São Luiz Teatro Municipal,https://www.agendalx.pt/events/event/kilombo-2023/
cinema,Recordar Juan Antonio Bardem,,17,17 de November de 2023,Cinemateca Portuguesa - Museu do Cinema,https://www.agendalx.pt/events/event/recordar-juan-antonio-bardem/
cinema,Inadjectivável,'Roma -  Cidade Aberta' de Roberto Rossellini,17,17 de November de 2023,Cinemateca Portuguesa - Museu do Cinema,https://www.agendalx.pt/events/event/inadjectivavel-22/
teatro,A infinda apetência da luz do sol,Eduardo Molina,17 novembro,18 novembro 2023,Espaço Casa Cheia,https://www.agendalx.pt/events/event/a-infinda-apetencia-da-luz-do-sol/
dança -  música,Feijoada,Calixto Neto,17 novembro,18 novembro 2023,São Luiz Teatro Municipal,https://www.agendalx.pt/events/event/feijoada/
dança -  música,Feijoada,Calixto Neto,17 novembro,18 novembro 2023,São Luiz Teatro Municipal,https://www.agendalx.pt/events/event/feijoada/
música,Hauschka,,17 novembro 2023,17 novembro 2023,Museu do Oriente,https://www.agendalx.pt/events/event/hauschka/
teatro,Blackface,Marco Mendonça,17 novembro,19 novembro 2023,Teatro do Bairro Alto,https://www.agendalx.pt/events/event/blackface/
teatro,Cuidado -  Frágil -  pode partir,Teatro Livre,17 novembro,26 novembro 2023,Chapitô,https://www.agendalx.pt/events/event/cuidado-fragil-pode-partir/
música,Conjunto Corona,Estilvs Misticvs,17 novembro 2023,17 novembro 2023,Musicbox,https://www.agendalx.pt/events/event/conjunto-corona/
música,Os Compositores e a Academia,Ciclo de Concertos,17 novembro,18 novembro 2023,Academia de Amadores de Música,https://www.agendalx.pt/events/event/os-compositores-e-a-academia/
dança,Pai para Jantar,Gaya de Medeiros,17 novembro,19 novembro 2023,Centro Cultural de Belém,https://www.agendalx.pt/events/event/pai-para-jantar/
artes -  visitas guiadas,Geómetras da Arte,Visita temática,17 dezembro 2022,16 dezembro 2023,MAAT - Museu de Arte -  Arquitetura e Tecnologia,https://www.agendalx.pt/events/event/geomatras-da-arte-a-descoberta-da-medida-das-coisas/
cinema,Salão Lisboa,3.ª edição,18,18 de November de 2023,vários locais,https://www.agendalx.pt/events/event/salao-lisboa-3/
cinema,Revisitar Wenceslau de Moraes,'A Ilha de Moraes',18,18 de November de 2023,Cinemateca Portuguesa - Museu do Cinema,https://www.agendalx.pt/events/event/revisitar-wenceslau-de-moraes/
teatro,A Cigarra e a Formiga,,18 novembro 2023,18 novembro 2023,Fábrica Braço de Prata,https://www.agendalx.pt/events/event/a-cigarra-e-a-formiga/
música,Oiça lá -  ó Senhor Vinho,Concertos e provas de vinhos,18 novembro 2023,18 novembro 2023,Praça do Comércio,https://www.agendalx.pt/events/event/oica-la-o-senhor-vinho/
música,X: The Life and Times of Malcolm X,Met Opera Live in HD,18,18 de November de 2023,Fundação Calouste Gulbenkian,https://www.agendalx.pt/events/event/x-the-life-and-times-of-malcolm-x/
música,The Gift,Coral,18 novembro 2023,18 novembro 2023,Coliseu dos Recreios,https://www.agendalx.pt/events/event/the-gift-3/
música,Branko,180 min.,18,18 de November de 2023,Lisboa ao Vivo,https://www.agendalx.pt/events/event/branko-3/
música,não simão,Pintar o Sete,18,18 de November de 2023,Musicbox,https://www.agendalx.pt/events/event/nao-simao/
música,Trio Pangea,Dois Centenários,19,19 de November de 2023,Centro Cultural de Belém,https://www.agendalx.pt/events/event/trio-pangea/
música,Quebra-Nozes,Concertos de Domingo,19,19 de November de 2023,Fundação Calouste Gulbenkian,https://www.agendalx.pt/events/event/quebra-nozes/
música,Tatanka & Tiago Nacarato,,19,19 de November de 2023,Centro Cultural de Belém,https://www.agendalx.pt/events/event/tatanka-tiago-nacarato/
artes,Pela Insubmissão,Além mundus,18,18 de November de 2023,Avenidas - Um Teatro em Cada Bairro,https://www.agendalx.pt/events/event/pela-insubmissao/
cinema,O Egito de Youssef Chahine,,20,20 de November de 2023,Cinemateca Portuguesa - Museu do Cinema,https://www.agendalx.pt/events/event/o-egito-de-youssef-chahine/
música,Makaya McCraven + Matthew Halsall,,20 novembro 2023,20 novembro 2023,Centro Cultural de Belém,https://www.agendalx.pt/events/event/makaya-mccraven-matthew-halsall/
música,Carlos Maria Trindade,Vitral Submerso,21 novembro 2023,21 novembro 2023,São Luiz Teatro Municipal,https://www.agendalx.pt/events/event/carlos-maria-trindade/
música,Nils Frahm,Music For Animals,21,21 de November de 2023,Centro Cultural de Belém,https://www.agendalx.pt/events/event/nils-frahm/
artes -  música,Archipelago e outros silêncios,Obras de Luís Tinoco,22,22 de November de 2023,Centro Cultural de Belém,https://www.agendalx.pt/events/event/archipelago-e-outros-silencios/
artes -  música,Archipelago e outros silêncios,Obras de Luís Tinoco,22,22 de November de 2023,Centro Cultural de Belém,https://www.agendalx.pt/events/event/archipelago-e-outros-silencios/
música,Marisa Monte,Portas,22 novembro 2023,22 novembro 2023,Altice Arena,https://www.agendalx.pt/events/event/marisa-monte/
música,Lambchop + Alan Sparhawk,,22 novembro 2023,22 novembro 2023,Centro Cultural de Belém,https://www.agendalx.pt/events/event/lambchop-alan-sparhawk/
música,Matthew Herbert & Julian Sartorious,Drum Solo,22 novembro 2023,22 novembro 2023,Culturgest,https://www.agendalx.pt/events/event/matthew-herbert-julian-sartorious/
teatro,Laura -  o musical,Filipe La Féria,22,22 de November de 2023,Teatro Politeama,https://www.agendalx.pt/events/event/laura-o-musical/
cinema,'Meeting the Man: James Baldwin in Paris',Arte e filosofia,23,23 de November de 2023,Fundação Calouste Gulbenkian,https://www.agendalx.pt/events/event/meeting-the-man-james-baldwin-in-paris/
cinema,'Alegoria da Caverna' de Sofia Portugal,Exibição do documentário,23 novembro 2023,23 novembro 2023,Biblioteca de Marvila,https://www.agendalx.pt/events/event/alegoria-da-caverna-de-sofia-portugal/
música,2.ª de Mahler,Coro e Orquestra Gulbenkian,23,23 de November de 2023,Fundação Calouste Gulbenkian,https://www.agendalx.pt/events/event/2-a-de-mahler/
música,Nadine Khouri + John Grant,,23 novembro 2023,23 novembro 2023,Centro Cultural de Belém,https://www.agendalx.pt/events/event/nadine-khouri-john-grant/
música,Nena,Ao fundo da rua,23 novembro 2023,23 novembro 2023,Coliseu dos Recreios,https://www.agendalx.pt/events/event/nena/
cinema,'No Canto da Rosa' de Cláudia Rita Oliveira,exibição e conversa,24,24 de November de 2023,Avenidas - Um Teatro em Cada Bairro,https://www.agendalx.pt/events/event/no-canto-da-rosa-de-claudia-rita-oliveira/
música,Super Bock em Stock,2023,24,24 de November de 2023,vários locais,https://www.agendalx.pt/events/event/super-bock-em-stock-5/
dança,Sweat -  Sweat -  Sweat (Um conjunto de pequenos afrontamentos),,24 novembro,26 novembro 2023,São Luiz Teatro Municipal,https://www.agendalx.pt/events/event/sweat-sweat-sweat-um-conjunto-de-pequenos-afrontamentos/
dança,Profético (Nós já nascemos),Nadia Beugré,24 novembro,25 novembro 2023,Culturgest,https://www.agendalx.pt/events/event/profetico-nos-ja-nascemos/
música,António Chainho,Há Fado no Cais,24,24 de November de 2023,Centro Cultural de Belém,https://www.agendalx.pt/events/event/antonio-chainho/
música,Dino D’Santiago,EVA: passado -  presente e futuro,24,24 de November de 2023,Teatro Tivoli BBVA,https://www.agendalx.pt/events/event/dino-dsantiago-4/
cinema,'Carne: a pegada insustentável',estreia mundial,25 novembro 2023,25 novembro 2023,Cinema Fernando Lopes,https://www.agendalx.pt/events/event/carne-a-pegada-insustentavel/
cinema,As técnicas do cinema de animação,Animação com recortes,25,25 de November de 2023,Cinemateca Júnior,https://www.agendalx.pt/events/event/as-tecnicas-do-cinema-de-animacao-2/
teatro,A História da Carochinha,,25 novembro 2023,25 novembro 2023,Fábrica Braço de Prata,https://www.agendalx.pt/events/event/a-historia-da-carochinha/
teatro,Fazer Noite,Bárbara Bañuelo,25 novembro,26 novembro 2023,Teatro do Bairro Alto,https://www.agendalx.pt/events/event/fazer-noite/
dança,Uirapuru,Marcelo Evelin/Demolition Incorporada,25 novembro,26 novembro 2023,São Luiz Teatro Municipal,https://www.agendalx.pt/events/event/uirapuru/
teatro,De sogra e de louco... todos temos um pouco,,25,25 de November de 2023,Turim - Um Teatro em Cada Bairro,https://www.agendalx.pt/events/event/de-sogra-e-de-louco-todos-temos-um-pouco/
dança -  música,Montação,Coletivo Afrontosas,25 novembro 2023,25 novembro 2023,Culturgest,https://www.agendalx.pt/events/event/montacao/
dança -  música,Montação,Coletivo Afrontosas,25 novembro 2023,25 novembro 2023,Culturgest,https://www.agendalx.pt/events/event/montacao/
artes,Marionetas do meu tamanho,Manha criativa,26 novembro 2023,26 novembro 2023,Museu da Marioneta,https://www.agendalx.pt/events/event/marionetas-do-meu-tamanho/
música,Sinfonia n.º 3 Heroica de Beethoven,Metropolitna,26,26 de November de 2023,Centro Cultural de Belém,https://www.agendalx.pt/events/event/sinfonia-n-o-3-heroica-de-beethoven/
música,Mariana Guimarães,Alguém me leve,26 novembro 2023,26 novembro 2023,Teatro Ibérico,https://www.agendalx.pt/events/event/mariana-guimaraes/
música,Jakub Józef Orliński / Il pomo d'oro,Beyond,26,26 de November de 2023,Fundação Calouste Gulbenkian,https://www.agendalx.pt/events/event/jakub-jozef-orlinski-il-pomo-doro-2/
música,Sub_Bar,Música com Subfrequências,26,26 de November de 2023,Teatro Bocage,https://www.agendalx.pt/events/event/sub_bar-2/
cinema,Histórias do Cinema: B. Eisenschitz/ Incertezas da ficção e do real,,27,27 de November de 2023,Cinemateca Portuguesa - Museu do Cinema,https://www.agendalx.pt/events/event/historias-do-cinema-bernard-eisenschitz-incertezas-da-ficcao-e-do-real/
literatura -  teatro,Clássicos em Cena 2023,Trilogia Vicentina,27 novembro,3 dezembro 2023,Livraria Sá da Costa,https://www.agendalx.pt/events/event/classicos-em-cena-2023/
teatro,Crime no Cinema,Projeto Casa Assombrada,28 novembro,21 dezembro 2023,Cinema São Jorge,https://www.agendalx.pt/events/event/crime-no-cinema/
cinema -  música,'La Jetée' de Chris Marker,Filme-concerto,28,28 de November de 2023,Teatro Maria Matos,https://www.agendalx.pt/events/event/la-jetee-de-chris-martin/
cinema -  música,'La Jetée' de Chris Marker,Filme-concerto,28,28 de November de 2023,Teatro Maria Matos,https://www.agendalx.pt/events/event/la-jetee-de-chris-martin/
stand up comedy,E agora?,Afonso Padilha,28,28 de November de 2023,Aula Magna,https://www.agendalx.pt/events/event/e-agora/
cinema,'A casa de dentro Carlos Nogueira',Antestreia,30,30 de November de 2023,Cinemateca Portuguesa - Museu do Cinema,https://www.agendalx.pt/events/event/a-casa-de-dentro-carlos-nogueira/
teatro,Tá quieto -  ó morto!,Artur Marques,30,30 de November de 2023,Boutique da Cultura - Um Teatro em Cada Bairro,https://www.agendalx.pt/events/event/ta-quieto-o-morto/
música,Melanie Martinez,Portal Tour,30 novembro 2023,30 novembro 2023,Sagres Campo Pequeno,https://www.agendalx.pt/events/event/melanie-martinez-2/
música,5.ª de Chostakovitch,Orquestra Gulbenkian,30,30 de November de 2023,Fundação Calouste Gulbenkian,https://www.agendalx.pt/events/event/5-a-de-chostakovitch/
stand up comedy,8 weeks Trial Show,Elena Gabrielle,30 novembro 2023,30 novembro 2023,Teatro Bocage,https://www.agendalx.pt/events/event/8-weeks-trial-show/
teatro,O Dever de Deslumbrar,Ana Rocha de Sousa,30 novembro,3 dezembro 2023,Clube Estefânia,https://www.agendalx.pt/events/event/o-dever-de-deslumbrar/
stand up comedy,Best of Temas,Gilmário Vemba,1 dezembro 2023,1 dezembro 2023,Altice Arena,https://www.agendalx.pt/events/event/best-of-temas/
artes,A Grande Exposição de Árvores de Natal,,2 dezembro,22 dezembro 2023,LU.CA - Teatro Luís de Camões,https://www.agendalx.pt/events/event/a-grande-exposicao-de-arvores-de-natal/
teatro,A loja dos sonhos de Natal,,2 dezembro 2023,2 dezembro 2023,Fábrica Braço de Prata,https://www.agendalx.pt/events/event/a-loja-dos-sonhos/
cinema,Histórias sobre a bondade com alguma maluqueira,Festival PLAY,2 dezembro,3 dezembro 2023,LU.CA - Teatro Luís de Camões,https://www.agendalx.pt/events/event/historias-sobre-a-bondade-com-alguma-maluqueira/
literatura -  teatro,O Diário de William Shakespeare,Teatro Praga,2 dezembro 2023,2 dezembro 2023,LU.CA - Teatro Luís de Camões,https://www.agendalx.pt/events/event/o-diario-de-william-shakespeare/
artes -  dança -  música,Roda-Viva (a Menina e o Círculo),Cláudia Nóvoa,6 dezembro,15 dezembro 2023,LU.CA - Teatro Luís de Camões,https://www.agendalx.pt/events/event/roda-viva-a-menina-e-o-circulo/
artes -  dança -  música,Roda-Viva (a Menina e o Círculo),Cláudia Nóvoa,6 dezembro,15 dezembro 2023,LU.CA - Teatro Luís de Camões,https://www.agendalx.pt/events/event/roda-viva-a-menina-e-o-circulo/
artes -  dança -  música,Roda-Viva (a Menina e o Círculo),Cláudia Nóvoa,6 dezembro,15 dezembro 2023,LU.CA - Teatro Luís de Camões,https://www.agendalx.pt/events/event/roda-viva-a-menina-e-o-circulo/
dança -  teatro,The Little Prince | O Principezinho,Novo circo,07,07 de December de 2023,Teatro Tivoli BBVA,https://www.agendalx.pt/events/event/the-little-prince-o-principezinho/
dança -  teatro,The Little Prince | O Principezinho,Novo circo,07,07 de December de 2023,Teatro Tivoli BBVA,https://www.agendalx.pt/events/event/the-little-prince-o-principezinho/
teatro,A Missão da Missão,Heiner Müller/Aurora Negra,7 dezembro,16 dezembro 2023,Teatro do Bairro Alto,https://www.agendalx.pt/events/event/a-missao-da-missao/
stand up comedy,Uma Nêspera no Cu,Bruno Nogueira -  Filipe Melo e Nuno Markl,7 dezembro,9 dezembro 2023,Altice Arena,https://www.agendalx.pt/events/event/uma-nespera-no-cu-2/
teatro,Vocês viram o meu cão?,Varazim Teatro,08,08 de December de 2023,Clube Estefânia,https://www.agendalx.pt/events/event/voces-viram-o-meu-cao/
teatro,Annie,O Musical,08,08 de December de 2023,Auditório da Biblioteca Orlando Ribeiro,https://www.agendalx.pt/events/event/annie/
teatro,Bravo 2023!,Teatro Praga,13 dezembro,22 dezembro 2023,São Luiz Teatro Municipal,https://www.agendalx.pt/events/event/bravo-2023/
teatro,Pinheirinho de Natal,,16 dezembro,23 dezembro 2023,Biblioteca de Marvila,https://www.agendalx.pt/events/event/pinheirinho-de-natal/
